Potential ID,FreshDesk Ticket Number,Training Name,Number of Users,Client,Month,Year,Received On,Private Cloud ,Cloud Type,TP Lab Type,Lab Name,Requester,Lab Status,Start Date,End Date,Input Cost Per User,Selling Cost Per User,Total Amount,Line of Business,Invoice Details
PF-100730,,Azure-OpenAI,1,Cognizant-NFT,April,2025,,,AZURE,,Azure-OpenAI,Vandhitha,Delivery Completed,04-01-2025,4/30/2025,855.61,1000,1000,Standalone,
PF-0107307,,Azure Lab,34,Hexaware,April,2025,,,AZURE,,Azure Lab,Dhamo,Delivery Completed,04-03-2025,07-02-2025,5000,8500,289000,Standalone,
PF-100730,,Azure-OpenAI,3,Cognizant-NFT,April,2025,,,AZURE,,Azure-OpenAI,Vandhitha,Delivery Completed,04-09-2025,05-07-2025,855,1000,3000,Standalone,
PF-0102955,,Azure Lab,1,IBM,April,2025,,,AZURE,,Azure Lab,Lokesh,Delivery Completed,04-08-2025,07-06-2025,855,855,855,Standalone,
IIHTELSTECH69706,,Cassandra,35,Amdocs,April,2025,,,AZURE,,Cassandra,Muzammil,Delivery Completed,04-09-2025,4/26/2025,7358,8829,309015,Standalone,
PF101366,,DataBricks,1,Virtusa,April,2025,,,AZURE,,DataBricks,Ameet Khemani,Delivery Completed,04-10-2025,6/30/2025,4302,4302,4302,Standalone,
PF-0107574,,CTI,1,Cognizant,April,2025,,,AZURE,,CTI,Geetika(Cognizant),Delivery Completed,4/15/2025,4/29/2025,4400,4400,4400,Standalone,
PF-100730,,Azure-OpenAI,1,Cognizant-NFT,April,2025,,,AZURE,,Azure-OpenAI,Vandhitha,Delivery Completed,4/16/2025,5/14/2025,850,1000,1000,Standalone,
PF-0106922,,AZ-400,15,Socgen,April,2025,,,AZURE,,AZ-400,Mani,Delivery Completed,4/14/2025,4/23/2025,4250,4250,59500,Standalone,
PF-0107574,,AIA,43,Cognizant,April,2025,,,AZURE,,AIA,Geetika(Cognizant),Delivery Completed,4/17/2025,5/16/2025,8470,8470,364210,Standalone,
PF-0107574,,CTI,26,Cognizant,April,2025,,,AZURE,,CTI,Geetika(Cognizant),Delivery Completed,4/18/2025,05-02-2025,4400,4400,114400,Standalone,
PF-0107574,,EPS,15,Cognizant,April,2025,,,AZURE,,EPS,Geetika(Cognizant),Delivery Completed,4/21/2025,5/20/2025,8470,8470,127050,Standalone,
PF-0107012,,AZ-104,14,Socgen,April,2025,,,AZURE,,AZ-104,Mani,Delivery Completed,4/22/2025,4/28/2025,1750,4250,55250,Standalone,
PF-0106923,,AZ-204,25,Socgen,April,2025,,,AZURE,,AZ-204,Mani,Delivery Completed,4/22/2025,4/28/2025,1950,4250,102000,Standalone,
PF-010754,,Azure-Lab,18,UST,April,2025,,,AZURE,,Azure-Lab,Sarath,Delivery Completed,4/21/2025,6/30/2025,25560,29394,529092,Standalone,
PF-100730,,Azure-OpenAI,2,Cognizant-NFT,April,2025,,,AZURE,,Azure-OpenAI,Vandhitha,Delivery Completed,4/23/2025,5/21/2025,850,1000,2000,Standalone,
PF-0107574,,CTI,34,Cognizant,April,2025,,,AZURE,,CTI,Geetika(Cognizant),Delivery Completed,4/22/2025,5/21/2025,8470,8470,287980,Standalone,
PF-0107574,,CTI,41,Cognizant,April,2025,,,AZURE,,CTI,Geetika(Cognizant),Delivery Completed,4/23/2025,5/22/2025,8470,8470,347270,Standalone,
PF-0107574,,AIA,1,Cognizant,April,2025,,,AZURE,,AIA,Geetika(Cognizant),Delivery Completed,4/25/2025,5/24/2025,8470,8470,8470,Standalone,
PF-100730,,Azure-OpenAI,3,Cognizant-NFT,April,2025,,,AZURE,,Azure-OpenAI,Vandhitha,Delivery Completed,4/30/2025,5/28/2025,852,1000,3000,Standalone,
PF-0107193,,Kubernetes,26,Amdocs,May,2025,,,AZURE,,Kubernetes,Muzammil ,Delivery Completed,05-05-2025,5/15/2025,4215,5058,126450,Standalone,
PF-0107594,,IOT-Azure,4,Cognizant,May,2025,,,AZURE,,IOT-Azure,Geetika(Cognizant),Delivery Completed,05-07-2025,5/22/2025,3180,3180,12720,Standalone,
PF-100619,,AWS-Lab,1,Cognizant-FSE,May,2025,,,AZURE,,AWS-Lab,Goutham,Delivery Completed,05-07-2025,08-07-2025,8500,8500,8500,Standalone,
PF-0107332,,Azure-Lab,10,PWC,May,2025,,,AZURE,,Azure-Lab,Fatehnoor,Delivery Completed,05-07-2025,05-11-2025,4250,4250,42500,Standalone,
PF-0107485,,AZ-204,17,Socgen,May,2025,,,AZURE,,AZ-204,Mani,Delivery Completed,5/14/2025,5/20/2025,1950,4250,72250,Standalone,
PF-0107257,,AZ-204,19,Socgen,May,2025,,,AZURE,,AZ-204,Mani,Delivery Completed,5/19/2025,5/23/2025,1950,4250,76500,Standalone,
PF-0107484,,AZ-500,26,Socgen,May,2025,,,AZURE,,AZ-500,Mani,Delivery Completed,5/19/2025,5/23/2025,1650,4250,110500,Standalone,
PF-0107594,,EPS,15,Cognizant,May,2025,,,AZURE,,EPS,Geetika(Cognizant),Delivery Completed,5/21/2025,6/19/2025,8470,8470,127050,Standalone,
PF-0107504,,Data Science & AI,20,Capgemini-Row,May,2025,,,AZURE,,Data Science & AI,Noor,Delivery Completed,5/20/2025,5/29/2025,3400,4080,81600,Standalone,
PF-0107594,,AIA,98,Cognizant,May,2025,,,AZURE,,AIA,Geetika(Cognizant),Delivery Completed,5/21/2025,06-04-2025,3180,3180,311640,Standalone,
PF100619,,FSE-AWS,1,Cognizant-FSE,May,2025,,,AZURE,,FSE-AWS,Goutham,Delivery Completed,5/20/2025,8/19/2025,8560,8560,8560,Standalone,
PF-0107594,,AIA,45,Cognizant,May,2025,,,AZURE,,AIA,Geetika(Cognizant),Delivery Completed,5/21/2025,6/19/2025,8470,8470,381150,Standalone,
PF-0107504,,AI/ML,26,Cognizant,June,2025,,,AZURE,,AI/ML,Goutham,Delivery Completed,06-02-2025,6/20/2025,4271,4271,111046,Standalone,
PF-0107197,,Docker,31,Amdocs,June,2025,,,AZURE,,Docker,Noor,Delivery Completed,06-02-2025,06-05-2025,2134,2550,76500,Standalone,
PF-0107594,,CBD DATA,2,Cognizant,June,2025,,,AZURE,,CBD DATA,Geetika(Cognizant),Delivery Completed,06-02-2025,6/16/2025,4400,4400,8800,Standalone,
PF-0107594,,AIA,18,Cognizant,June,2025,,,AZURE,,AIA,Geetika(Cognizant),Delivery Completed,06-03-2025,6/18/2025,4400,4400,79200,Standalone,
PF-0107959,,Data Engineering,22,Hexaware,June,2025,,,AZURE,,Data Engineering,Manojit,Delivery Completed,06-04-2025,7/25/2025,2571,3085,67870,Standalone,
PF-0107960,,Azure-Labs,70,Hexaware,June,2025,,,AZURE,,Azure-Labs,Manojit,Delivery Completed,06-11-2025,2/27/2026,5000,8500,595000,Standalone,
PF-0107321,,AZ-204,13,Socgen,June,2025,,,AZURE,,AZ-204,Roshan,Delivery Completed,06-05-2025,6/13/2025,1950,4250,51000,Standalone,
PF-0107633,,Azure Developer Full Stack,11,IBM,June,2025,,,AZURE,,Azure Developer Full Stack,Bhargavi,Delivery Completed,06-09-2025,6/23/2025,3425,4282,47102,Standalone,
PF-0108017,,Designathon,50,Hexaware,June,2025,,,AZURE,,Designathon,Manojit,Delivery Completed,06-10-2025,11-10-2025,5000,8500,425000,Standalone,
PF-0108043,,Azure,38,Hexaware,June,2025,,,AZURE,,Azure,Athul,Delivery Completed,6/13/2025,11-11-2025,5000,8500,323000,Standalone,
PF-0107784,,AZ-204,22,Socgen,June,2025,,,AZURE,,AZ-204,Roshan,Delivery Completed,6/16/2025,6/20/2025,1950,4250,89250,Standalone,
PF-0107991,,DataBricks,1,Mphasis,June,2025,,,AZURE,,DataBricks,Bhargavi,Delivery Completed,06-02-2025,6/30/2025,6200,6200,6200,Standalone,
PF-0107589,,Azure AI Foundry,1,Evoke,June,2025,,,AZURE,,Azure AI Foundry,Ravi,Delivery Completed,6/30/2025,07-11-2025,8610,8610,8610,Standalone,
PF-0107106,,CBPPE,28,Wipro,June,2025,,,AZURE,,CBPPE,Rohith,Delivery Completed,6/25/2025,07-09-2025,1721,1721,48188,Standalone,
PF-0107892,,AZ-400,21,Socgen,June,2025,,,AZURE,,AZ-400,Roshan,Delivery Completed,6/23/2025,6/27/2025,4250,4250,85000,Standalone,
PF-0103230,,Cloud Operations,16,Bharath Airtel,July,2025,,,AZURE,,Cloud Operations,Arthi,Delivery Completed,02-07-2025,30-07-2025,,,68800,Standalone,
PF-0107629,,Azure,1,Mphasis,July,2025,,,AZURE,,Azure,Bhargavi,Delivery Completed,03-07-2025,30-07-2025,,,3000,Standalone,
PF-0102955,,Azure,1,IBM,July,2025,,,AZURE,,Azure,Lokesh,Delivery Completed,03-07-2025,02-10-2025,,,860,Standalone,
PF-0107646,,Jenkins,21,MassMutual,July,2025,,,AZURE,,Jenkins,Noor,Delivery Completed,14-07-2025,18-07-2025,,,32000,Standalone,
PF-0108135,,AZ-500,17,Socgen,July,2025,,,AZURE,,AZ-500,Roshan,Delivery Completed,14-07-2025,18-07-2025,,,68000,Standalone,
PF100619,,Azure-FSE,2,Cognizant-FSE,July,2025,,,AZURE,,Azure-FSE,Goutham,Delivery Completed,14-07-2025,12-10-2025,,,17000,Standalone,
PF-0108333,,Advanced Python with AI,19,KPMG,July,2025,,,AZURE,,Advanced Python with AI,Rakshith,Delivery Completed,23-07-2025,30-07-2025,,,18000,Standalone,
PF-0108349,,Azure Developer Full Stack,11,IBM,July,2025,,,AZURE,,Azure Developer Full Stack,Bhargavi,Delivery Completed,21-07-2025,09-08-2025,,,36080,Standalone,
PF-0108136,,AZ-204,26,Socgen,July,2025,,,AZURE,,AZ-204,Roshan,Delivery Completed,21-07-2025,25-07-2025,,,106250,Standalone,
PF-010754,,Devops,16,UST,July ,2025,,,AZURE,,Devops,Rafique,Delivery Completed,01-07-2025,03-07-2025,,,78192,Standalone,
PF-0108717,,AIA,21,Cognizant,July ,2025,,,AZURE,,AIA,Mariya(Cognizant),Delivery Completed,23-07-2025,06-08-2025,,,92400,Standalone,
PF-0108717,,AIA,17,Cognizant,July ,2025,,,AZURE,,AIA,Mariya(Cognizant),Delivery Completed,28-07-2025,26-08-2025,,,143990,Standalone,
PF100619,,Azure-Lab,1,Cognizant-FSE,July ,2025,,,AZURE,,Azure-Lab,Goutham,Delivery Completed,25-07-2025,24-10-2025,,,8600,Standalone,
PF-0102955,,Azure-Lab,1,IBM,July ,2025,,,AZURE,,Azure-Lab,Lokesh,Delivery Completed,28-07-2025,26-10-2025,,,820,Standalone,
PF-0105766,,Azure Subscription ,1,Wipro,July ,2025,,,AZURE,,Azure Subscription ,Kavithaa,Delivery Completed,11-07-2025,08-08-2025,,,1300,Standalone,
PF-0105766,,Azure Subscription ,17,Wipro,July ,2025,,,AZURE,,Azure Subscription ,Kavithaa,Delivery Completed,24-07-2025,08-08-2025,,,7650,Standalone,
PF-0105766,,Azure Subscription ,41,Wipro,July ,2025,,,AZURE,,Azure Subscription ,Kavithaa,Delivery Completed,30-07-2025,15-08-2025,,,25685,Standalone,
PF-0108718,,AIA,75,Cognizant,Aug,2025,,,AZURE,,AIA,Mariya(Cognizant),Delivery Completed,01-08-2025,30-08-2025,,,635250,Standalone,
PF-0108052,,AZ-900,21,Mass Mutual,Aug,2025,,,AZURE,,AZ-900,Noor,Delivery Completed,04-08-2025,08-08-2025,,,180000,Standalone,
PF100619,,FSE-Azure,2,Cognizant-FSE,Aug,2025,,,AZURE,,FSE-Azure,Goutham,Delivery Completed,01-08-2025,29-10-2025,,,17000,Standalone,
PF-0108653,,Data Engineering,45,Hexaware,Aug,2025,,,AZURE,,Data Engineering,Athul,,04-08-2025,04-08-2026,,,450000,Standalone,
PF-0108718,,AIA,41,Cognizant,Aug,2025,,,AZURE,,AIA,Mariya(Cognizant),Delivery Completed,07-08-2025,05-09-2025,,,347270,Standalone,
PF-0109090,,Azure-Lab,1,Wipro,Aug,2025,,,AZURE,,Azure-Lab,Soumya(Wipro),Delivery Completed,11-08-2025,15-08-2025,,,450,Standalone,
PF-0106254,,AIML,24,EY-India,Aug,2025,,,AZURE,,AIML,Muzammil,Delivery Completed,11-08-2025,30-08-2025,,,120360,Standalone,
PF-0102955,,Azure-Lab,1,IBM,Aug,2025,,,AZURE,,Azure-Lab,Lokesh,Delivery Completed,12-08-2025,10-11-2025,,,820,Standalone,
PF-0108718,,ADM,1,Cognizant,Aug,2025,,,AZURE,,ADM,Mariya(Cognizant),Delivery Completed,18-08-2025,01-09-2025,,,3860.7,Standalone,
PF-0108718,,L&D,1,Cognizant,Aug,2025,,,AZURE,,L&D,Mariya(Cognizant),Delivery Completed,18-08-2025,16-09-2025,,,6430,Standalone,
PF-0108488,,AZ-400,20,Socgen,Aug,2025,,,AZURE,,AZ-400,Roshan,Delivery Completed,18-08-2025,22-08-2025,,,85000,Standalone,
PF100619,,FSE-Azure,2,Cognizant-FSE,Aug,2025,,,AZURE,,FSE-Azure,Goutham,Delivery Completed,21-08-2025,20-09-2025,,,17000,Standalone,
PF-0102955,,Azure-Lab,1,IBM,Aug,2025,,,AZURE,,Azure-Lab,Lokesh,Delivery Completed,25-08-2025,22-11-2025,,,820,Standalone,
PF-0108657,,CDC-Azure,265,Wipro,Aug,2025,,,AZURE,,CDC-Azure,Sanjeed Nawaz,Delivery Completed,29-08-2025,30-08-2025,,,115275,Standalone,
PF-0109091,,Azure-Lab,1,Cognizant,Sep,2025,,,AZURE,,Azure-Lab,Mariya(Cognizant),Delivery Completed,01-09-2025,30-09-2025,,,7406.9,Standalone,
PF-0107297,,Data Engineer,25,Amdocs,Sep,2025,,,AZURE,,Data Engineer,Muzammil,Delivery Completed,01-09-2025,16-09-2025,,,167640,VILT,
PF-0109091,,Azure-ADM,26,Cognizant,Sep,2025,,,AZURE,,Azure-ADM,Mariya(Cognizant),Delivery Completed,02-09-2025,01-10-2025,,,220220,Standalone,
PF-0109091,,Azure-MDU,5,Cognizant,Sep,2025,,,AZURE,,Azure-MDU,Mariya(Cognizant),Delivery Completed,02-09-2025,31-10-2025,,,76134.5,Standalone,
PF-0109091,,Azure-MDU,3,Cognizant,Sep,2025,,,AZURE,,Azure-MDU,Mariya(Cognizant),Delivery Completed,02-09-2025,31-10-2025,,,37620,Standalone,
PF-0108566,,AVD,11,CGI,Sep,2025,,,AZURE,,AVD,Felix,Delivery Completed,02-09-2025,10-09-2025,,,66000,VILT,
PF-0107437,,Analytics Skills,26,Straive,Sep,2025,,,AZURE,,Analytics Skills,Ayman Rashad,Delivery Completed,08-09-2025,10-10-2025,,,34632,VILT,
PF-0108892,,Data Engineering,16,Hexaware,Sep,2025,,,AZURE,,Data Engineering,Athual,,05-09-2025,05-09-2026,,,160000,Standalone,
PF-0109603 ,,Azure-Lab,11,Wipro,Sep,2025,,,AZURE,,Azure-Lab,Soumya Dutta(Wipro),Delivery Completed,04-09-2025,10-09-2025,,,10773,Standalone,
PF-0109091,,HPC,50,Cognizant,Sep,2025,,,AZURE,,HPC,Mariya(Cognizant),Delivery Completed,12-09-2025,26-09-2025,,,220000,Standalone,
PF-0108591,,Python-Azure,15,Bosch,Sep,2025,,,AZURE,,Python-Azure,Aarti,Delivery Completed,12-09-2025,16-09-2025,,,30000,Standalone,
PF-0109091,,MDU,6,Cognizant,Sep,2025,,,AZURE,,MDU,Mariya(Cognizant),Delivery Completed,16-09-2025,14-11-2025,,,75240,Standalone,
PF-0109091,,MDU,4,Cognizant,Sep,2025,,,AZURE,,MDU,Mariya(Cognizant),Delivery Completed,16-09-2025,14-11-2025,,,60907.6,Standalone,
PF-0109091,,MDU,1,Cognizant,Sep,2025,,,AZURE,,MDU,Mariya(Cognizant),Delivery Completed,16-09-2025,14-11-2025,,,15226.9,Standalone,
PF-0109091,,MDU,1,Cognizant,Sep,2025,,,AZURE,,MDU,Mariya(Cognizant),Delivery Completed,16-09-2025,14-11-2025,,,15226.9,Standalone,
PF-0109091,,MDU,1,Cognizant,Sep,2025,,,AZURE,,MDU,Mariya(Cognizant),Delivery Completed,16-09-2025,14-11-2025,,,15226.9,Standalone,
PF-0109603,,Azure-Lab,1,Wipro,Sep,2025,,,AZURE,,Azure-Lab,Soumya Dutta(Wipro),Delivery Completed,16-09-2025,27-09-2025,,,852,Standalone,
PF-0109603,,Azure-Lab,43,Wipro,Sep,2025,,,AZURE,,Azure-Lab,Soumya Dutta(Wipro),Delivery Completed,18-09-2025,03-10-2025,,,26665,Standalone,
PF-0109369,,OpenAI,1,Mphasis,Sep,2025,,,AZURE,,OpenAI,Bhargavi,Delivery Completed,19-09-2025,18-10-2025,,,1763,Standalone,
PF-0109091,,QEA,16,Cognizant,Sep,2025,,,AZURE,,QEA,Mariya(Cognizant),Delivery Completed,22-09-2025,06-10-2025,,,24800,Standalone,
PF-0109091,,ADM,1,Cognizant,Sep,2025,,,AZURE,,ADM,Mariya(Cognizant),Delivery Completed,24-09-2025,22-11-2025,,,21042,Standalone,
PF100619,,Azure-FSE,1,Cognizant-FSE,Sep,2025,,,AZURE,,Azure-FSE,Goutham,Delivery Completed,26-09-2025,24-12-2025,,,8500,Standalone,
PF-0109091,,ADM,28,Cognizant,Sep,2025,,,AZURE,,ADM,Mariya(Cognizant),Delivery Completed,30-09-2025,14-10-2025,,,123200,Standalone,
PF-0109455,,Data Engineering,50,Hexaware,Sep,2025,,,AZURE,,Data Engineering,Athual,,30-09-2025,29-10-2026,,,425000,Standalone,
PF-0109603,,Azure,1,Wipro,Sep,2025,,,AZURE,,Azure,Soumya Dutta(Wipro),Delivery Completed,29-09-2025,30-09-2025,,,536,Standalone,
PF-0109241,,AWS migration to MS Azure,31,Cognizant,Sep,2025,,,AZURE,,AWS migration to MS Azure,Goutham,Delivery Completed,22-09-2025,10-10-2025,,,214140,VILT,
PF-0109603,,Azure-Lab,5,Wipro,Sep,2025,,,AZURE,,Azure-Lab,Soumya Dutta(Wipro),Delivery Completed,19-09-2025,03-10-2025,,,2990,Standalone,
PF-0109495,,MDU,4,Cognizant,Oct,2025,,,AZURE,,MDU,Mariya(Cognizant),Delivery Completed,10-01-2025,11-29-25,12540,12540,50160,Standalone,
PF-0109495,,MDU,2,Cognizant,Oct,2025,,,AZURE,,MDU,Mariya(Cognizant),Delivery Completed,10-01-2025,11-29-25,15227,15227,30454,Standalone,
PF-0108861,,Infra DevOps & AI,32,BirlaSoft,Oct,2025,,,AZURE,,Infra DevOps & AI,Mani,Delivery Completed,10-06-2025,11-18-25,1760,2112,67584,VILT,
PF-0109495,,IoT,32,Cognizant,Oct,2025,,,AZURE,,IoT,Mariya(Cognizant),Delivery Completed,10-14-25,10-28-25,1550,1550,49600,Standalone,
PF-0109580,,Data Engineering,50,Hexaware,Oct,2025,,,AZURE,,Data Engineering,Athul,,10-14-25,10-05-2026,5000,10000,500000,Standalone,
PF-0109495,,ADM,1,Cognizant,Oct,2025,,,AZURE,,ADM,Mariya(Cognizant),Delivery Completed,10-14-25,11-11-2025,7480,7480,7480,Standalone,
PF-0109669,,Azure Openai,1,Mphasis,Oct,2025,,,AZURE,,Azure Openai,Bhargavi,Delivery Completed,10-27-25,11-25-25,1764,1764,1764,Standalone,
PF-0109390,,AZ-500,15,Socgen,Nov,2025,,,AZURE,,AZ-500,Roshan,Delivery Completed,11-03-2025,11-07-2025,1650,4250,59500,VILT,
PF-0109761,,MDU,2,Cognizant,Nov,2025,,,AZURE,,MDU,Mariya(Cognizant),Delivery Completed,11-04-2025,12-03-2025,6430,6430,12860,Standalone,
PF-0109761,,MDU,3,Cognizant,Nov,2025,,,AZURE,,MDU,Mariya(Cognizant),Delivery Completed,11-04-2025,12-03-2025,7807,7807,23421,Standalone,
PF-0109761,,Flowsource,1,Cognizant,Nov,2025,,,AZURE,,Flowsource,Mariya(Cognizant),Delivery Completed,11-06-2025,12-06-2025,8470,8470,8470,Standalone,
PF-0108908,,Devops,21,Socgen,Nov,2025,,,AZURE,,Devops,Roshan,Delivery Completed,11-10-2025,11-14-25,4416,5299,105980,VILT,
PF-0109495,,QEA,32,Cognizant,Nov,2025,,,AZURE,,QEA,Mariya(Cognizant),Delivery Completed,11-11-2025,11-24-25,550,550,17600,Standalone,
PF-0109679,,AI,1,OC Tanner,Nov,2025,,,AZURE,,AI,Rakshith,Delivery Completed,11-14-25,11-15-25,440,440,440,VILT,
PF-0102955,,Azure Labs,1,IBM,Nov,2025,,,AZURE,,Azure Labs,Lokesh,,11-14-25,02-11-2026,820,820,820,Standalone,
PF-0109406,,System Design,27,Bosch,Nov,2025,,,AZURE,,System Design,Maithili,Delivery Completed,11-17-25,12-04-2025,7089,10000,270000,VILT,
PF-010937,,DevOps & AI,46,BirlaSoft,Nov,2025,,,AZURE,,DevOps & AI,Mani,,11-24-25,02-24-26,1760,2112,107712,VILT,
PF-0109587,,AI Testing for the Developers,44,Hexaware,Nov,2025,,,AZURE,,AI Testing for the Developers,Archana,,11-26-25,01-04-2026,6600,11500,494500,VILT,
PF - 0109825,,Node JS and  Typescript,1,Cognizant,Nov,2025,,,AZURE,,Node JS and  Typescript,Goutham,Delivery Completed,11-21-25,12-02-2025,1700,1700,1700,Standalone,
PF-0108215,,Azure OpenAI,1,Infosys,Dec,2025,,,AZURE,,Azure OpenAI,Maithili,,12-01-2025,02-06-2026,,,9110,VILT,
PF-0109761,,QEA,32,Cognizant,Dec,2025,,,AZURE,,QEA,Mariya(Cognizant),Delivery Completed,12-01-2025,12-15-25,,,49600,Standalone,
PF-0109389,,AZ-204,26,Socgen,Dec,2025,,,AZURE,,AZ-204,Roshan,Delivery Completed,12-01-2025,12-05-2025,,,106250,VILT,
PF-0108725,,MULTIPLE,20,Straive,Dec,2025,,,AZURE,,MULTIPLE,Ayman,Delivery Completed,12-04-2025,12-06-2025,,,31680,VILT,
PF-0109761,,Flowsource,1,Cognizant,Dec,2025,,,AZURE,,Flowsource,Samson(Cognizant),,12-24-25,01-23-26,,,16600,Standalone,
PF-0109761,,AIA,64,Cognizant,Dec,2025,,,AZURE,,AIA,Mariya(Cognizant),,12-23-25,01-21-26,,,542080,Standalone,
PF-0105272,,GCP Lab,12,PWC,April,2025,,,GCP,,GCP Lab,Alex(PWC),Delivery Completed,04-03-2025,06-01-2025,1704,1704,20448,Standalone,
PF-0107574,,EAS,3,Cognizant,April,2025,,,GCP,,EAS,Mariya(Cognizant),Delivery Completed,4/18/2025,5/18/2025,6430,6430,19290,Standalone,
PF-0107574,,EAS,2,Cognizant,April,2025,,,GCP,,EAS,Mariya(Cognizant),Delivery Completed,4/18/2025,5/18/2025,6430,6430,12860,Standalone,
PF-0107574,,EAS,1,Cognizant,April,2025,,,GCP,,EAS,Mariya(Cognizant),Delivery Completed,4/18/2025,5/18/2025,7847,7847,7846.65,Standalone,
PF-0107574,,AIA,23,Cognizant,April,2025,,,GCP,,AIA,Geetika(Cognizant),Delivery Completed,4/22/2025,05-06-2025,4400,4400,101200,Standalone,
PF-0107594,,Moment,6,Cognizant,May,2025,,,GCP,,Moment,Mariya(Cognizant),Delivery Completed,5/26/2025,6/25/2025,6430,6430,38580,Standalone,
PF-0107332,,AWS-Lab,1,PWC,May,2025,,,GCP,,AWS-Lab,Alex(PWC),Delivery Completed,5/27/2025,06-09-2025,1707,1707,1707,Standalone,
PF-0107594,,AIA,12,Cognizant,June,2025,,,GCP,,AIA,Geetika(Cognizant),Delivery Completed,06-02-2025,6/16/2025,4400,4400,52800,Standalone,
PF-0107594,,CBD DATA,2,Cognizant,June,2025,,,GCP,,CBD DATA,Geetika(Cognizant),Delivery Completed,06-02-2025,6/16/2025,4400,4400,8800,Standalone,
PF-0107477,,GCP,29,Rakuten,June,2025,,,GCP,,GCP,Bhargavi,Delivery Completed,06-09-2025,07-03-2025,4279,4920,142680,Standalone,
PF-0107332,,GCP,1,PWC,June,2025,,,GCP,,GCP,Alex,Delivery Completed,06-10-2025,09-10-2025,8500,8500,8500,Standalone,
PF-0107594,,GCP Lab,6,Cognizant,June,2025,,,GCP,,GCP Lab,Mariya,Delivery Completed,6/24/2025,7/23/2025,6430,6430,38580,Standalone,
PF-0107332,,GCP,1,PWC,July,2025,,,GCP,,GCP,Alex(PWC),Delivery Completed,07-07-2025,31-08-2025,,,8586,Standalone,
PF-0107332,,GCP,43,PWC,July,2025,,,GCP,,GCP,Alex(PWC),Delivery Completed,08-07-2025,21-07-2025,,,73831,Standalone,
PF-0108717,,GCP-Moment,6,Cognizant,July ,2025,,,GCP,,GCP-Moment,Mariya(Cognizant),Delivery Completed,24-07-2025,22-08-2025,,,38580,Standalone,
PF-0108717,,GCP-Gmail IDs,6,Cognizant,July ,2025,,,GCP-Gmail IDs,,GCP-Gmail IDs,Mariya(Cognizant),Delivery Completed,24-07-2025,22-08-2025,,,4500,Standalone,
PF-0108487,,Apigee ,1,PWC,Aug,2025,,,GCP,,Apigee ,Alex(PWC),Delivery Completed,07-08-2025,20-08-2025,,,1720,Standalone,
PF-0108718,,GCP-EAS,6,Cognizant,Aug,2025,,,GCP,,GCP-EAS,Mariya(Cognizant),Delivery Completed,25-08-2025,23-09-2025,,,38580,Standalone,
PF-0108718,,GCP-EAS,6,Cognizant,Aug,2025,,,GCP-Gmail IDs,,GCP-EAS,Mariya(Cognizant),Delivery Completed,25-08-2025,23-09-2025,,,4500,Standalone,
PF-0109091,,QEA,6,Cognizant,Sep,2025,,,GCP,,QEA,Mariya(Cognizant),Delivery Completed,24-09-2025,23-10-2025,,,38580,Standalone,
PF-0108487,,GCP-Lab,1,PWC,Sep,2025,,,GCP,,GCP-Lab,Alex(PWC),Delivery Completed,24-09-2025,23-12-2025,,,8500,Standalone,
PF-0109091,,QEA,6,Cognizant,Sep,2025,,,GCP,,QEA,Mariya(Cognizant),Delivery Completed,24-09-2025,23-10-2025,,,4500,Standalone,
PF-0109255,,AWS migration to GCP,30,Cognizant,Oct,2025,,,GCP,,AWS migration to GCP,Goutham,Delivery Completed,10-13-25,10-17-25,4300,5033,151000,VILT,
PF-0109495,,QEA,16,Cognizant,Oct,2025,,,GCP,,QEA,Mariya(Cognizant),Delivery Completed,10-13-25,10-27-25,1550,1550,24800,Standalone,
PF-0109495,,QEA,16,Cognizant,Oct,2025,,,GCP Gmail-IDs,,QEA,Mariya(Cognizant),Delivery Completed,10-13-25,10-27-25,750,750,12000,Standalone,
PF-0109495,,IoT,1,Cognizant,Oct,2025,,,GCP,,IoT,Mariya(Cognizant),Delivery Completed,10-13-25,11-11-2025,8470,8470,8470,Standalone,
PF-0109495,,IoT,1,Cognizant,Oct,2025,,,GCP Gmail-IDs,,IoT,Mariya(Cognizant),Delivery Completed,10-13-25,11-11-2025,750,750,750,Standalone,
PF-0109495,,Moment,6,Cognizant,Oct,2025,,,GCP,,Moment,Mariya(Cognizant),Delivery Completed,10-24-25,11-22-25,6430,6430,38580,Standalone,
PF-0109495,,Moment,6,Cognizant,Oct,2025,,,GCP Gmail-IDs,,Moment,Mariya(Cognizant),Delivery Completed,10-24-25,11-22-25,750,750,4500,Standalone,
PF-0109500,,Vertex AI into Finance,31,EY,Oct,2025,,,GCP,,Vertex AI into Finance,Muzammil,Delivery Completed,11-03-2025,11-20-25,7600,10524,315720,VILT,
PF-0109500,,Vertex AI into Finance,31,EY,Oct,2025,,,GCP Gmail-IDs,,Vertex AI into Finance,Muzammil,Delivery Completed,11-03-2025,11-20-25,750,750,23250,VILT,
PF-0109441,,GCP AI Data Engineering,26,EY,Nov,2025,,,GCP,,GCP AI Data Engineering,Muzammil,Delivery Completed,11-24-25,12-05-2025,2500,3500,87500,VILT,
PF-0109441,,GCP AI Data Engineering,26,EY,Nov,2025,,,GCP Gmail-IDs,,GCP AI Data Engineering,Muzammil,Delivery Completed,11-24-25,12-05-2025,750,750,19500,VILT,
PF-0109495,,Moment,6,Cognizant,Nov,2025,,,GCP,,Moment,Mariya(Cognizant),Delivery Completed,11-24-25,12-23-25,6430,6430,38580,Standalone,
PF-0109495,,Moment,6,Cognizant,Nov,2025,,,GCP Gmail-IDs,,Moment,Mariya(Cognizant),Delivery Completed,11-24-25,12-23-25,750,750,4500,Standalone,
PF-0108487,,Vertex AI,35,PWC,Dec,2025,,,GCP,,Vertex AI,Alex(PWC),Delivery Completed,12-01-2025,12-30-25,,,76125,Standalone,
PF-0109761,,Moment,6,Cognizant,Dec,2025,,,GCP,,Moment,Samson(Cognizant),Delivery Completed,12-24-25,01-23-26,,,38580,Standalone,
IIHTELSTECH68981,,AWS Lab,29,KPMG,Apr,2025,,,AWS,,AWS Lab,Rakshith,Delivery Completed,04-01-2025,04-09-2025,855,855,24795,Standalone,
PF-0107574,,QEA POD,6,Cognizant,Apr,2025,,,AWS,,QEA POD,Geetika(Cognizant),Delivery Completed,04-04-2025,05-03-2025,8470,8470,50820,Standalone,
PF-0105272,,AWS Lab,35,PWC,Apr,2025,,,AWS,,AWS Lab,Alex(PWC),Delivery Completed,04-07-2025,06-06-2025,1716,1716,60060,Standalone,
PF-0102955,,AWS Lab,1,IBM,Apr,2025,,,AWS,,AWS Lab,Lokesh,Delivery Completed,04-08-2025,07-06-2025,855,855,855,Standalone,
PF-0107574,,AIA,36,Cognizant,Apr,2025,,,AWS,,AIA,Geetika(Cognizant),Delivery Completed,04-11-2025,4/23/2025,4400,4400,158400,Standalone,
IIHTELSTECH69582,,AWS Lab,31,Evernorth,Apr,2025,,,AWS,,AWS Lab,Vanitha,Delivery Completed,4/14/2025,4/17/2025,4301,4301,136000,Standalone,
PF-0107206 ,,Solution Architect,31,Capgemini-Row,Apr,2025,,,AWS,,Solution Architect,Muzammil,Delivery Completed,4/14/2025,4/25/2025,4300,4730,141900,Standalone,
PF-0106663,,Devops,5,Qunniox,Apr,2025,,,AWS,,Devops,Ravi Kumar,Delivery Completed,4/17/2025,5/16/2025,2138,2565,12825,Standalone,
PF-0106469,,Strata Mavericks,25,KPMG,Apr,2025,,,AWS,,Strata Mavericks,Rakshith,Delivery Completed,4/21/2025,4/28/2025,1700,2040,62400,Standalone,
PF-0107574,,DE ,4,Cognizant,Apr,2025,,,AWS,,DE ,Mariya(Cognizant),Delivery Completed,4/21/2025,5/20/2025,10297.7,10297.7,41190.8,Standalone,
PF-0107191,,Kubernetes,31,Amdocs,Apr,2025,,,AWS,,Kubernetes,Muzammil,Delivery Completed,4/21/2025,05-08-2025,2552,4000,120000,Standalone,
PF-010754,,AWS-Lab,31,UST,Apr,2025,,,AWS,,AWS-Lab,Sarath,Delivery Completed,4/21/2025,6/30/2025,29750,34212,1060572,Standalone,
PF-0107332,,AWS-Lab,1,PWC,Apr,2025,,,AWS,,AWS-Lab,Alex(PWC),Delivery Completed,4/22/2025,10/20/2025,8500,8500,8500,Standalone,
PF-0107574,,AIA,9,Cognizant,Apr,2025,,,AWS,,AIA,Geetika(Cognizant),Delivery Completed,4/23/2025,5/22/2025,8470,8470,76230,Standalone,
PF-0107574,,AIA,25,Cognizant,Apr,2025,,,AWS,,AIA,Geetika(Cognizant),Delivery Completed,4/24/2025,05-08-2025,4400,4400,110000,Standalone,
PF-0106663,,Devops,5,Qunniox,Apr,2025,,,AWS,,Devops,Ravi Kumar,Delivery Completed,4/23/2025,5/22/2025,2138,2138,10690,Standalone,
PF-0107574,,AIA,2,Cognizant,Apr,2025,,,AWS,,AIA,Mariya(Cognizant),Delivery Completed,4/25/2025,05-09-2025,3180,3180,6360,Standalone,
,,AWS Lab,1,Hexaware,Apr,2025,,,AWS,,AWS Lab,Manojith,Delivery Completed,4/24/2025,5/13/2025,1705,2064,2046,Standalone,
,,DT,19,Cognizant,Apr,2025,,,AWS,,DT,Geetika(Cognizant),Delivery Completed,4/28/2025,05-12-2025,4400,4400,83600,Standalone,
,,AWS Lab,9,PWC,Apr,2025,,,AWS,,AWS Lab,Fatehnoor,Delivery Completed,4/28/2025,5/27/2025,852,852,7668,Standalone,
,,Snowflake,29,EY-India,Apr,2025,,,AWS,,Snowflake,Muzammil,Delivery Completed,4/28/2025,5/20/2025,852,979,28391,Standalone,
,,AWS,4,IBM,Apr,2025,,,AWS,,AWS,Lokesh,Delivery Completed,4/28/2025,5/20/2025,852,852,3408,Standalone,
,,AWS Lab,7,PWC,Apr,2025,,,AWS,,AWS Lab,Alex(PWC),Delivery Completed,4/30/2025,5/29/2025,1703,1703,11921,Standalone,
,,AWS-FSE,3,Cognizant-FSE,Apr,2025,,,AWS,,AWS-FSE,Goutham,Delivery Completed,4/30/2025,7/30/2025,8450,8450,25350,Standalone,
,,Exstream Lab,1,Cognizant,Apr,2025,,,AWS,,Exstream Lab,Jayashree(Cognizant),Delivery Completed,4/23/2025,07-11-2025,8470,8470,8470,Standalone,
,,AWS-Lab,6,Cognizant,May,2025,,,AWS,,AWS-Lab,Geetika(Cognizant),Delivery Completed,05-03-2025,06-01-2025,8150,8150,48900,Standalone,
,,AWS-Lab,1,Cognizant-FSE,May,2025,,,AWS,,AWS-Lab,Goutham,Delivery Completed,05-05-2025,08-05-2025,8500,8500,8500,Standalone,
,,Adobe Commerce,10,CGI,May,2025,,,AWS,,Adobe Commerce,Swathy,Delivery Completed,05-09-2025,5/20/2025,6500,6500,65000,Standalone,
,,AWS-Lab,27,PWC,May,2025,,,AWS,,AWS-Lab,Fatehnoor,Delivery Completed,05-06-2025,5/20/2025,4250,4250,114750,Standalone,
,,AWS,1,Cognizant-FSE,May,2025,,,AWS,,AWS,Goutham,Delivery Completed,05-09-2025,08-08-2025,8500,8500,8500,Standalone,
,,ISG-AWS,30,Cognizant,May,2025,,,AWS,,ISG-AWS,Geetika(Cognizant),Delivery Completed,05-12-2025,5/26/2025,4400,4400,132000,Standalone,
,,AWS-Lab,1,PWC,May,2025,,,AWS,,AWS-Lab,Alex(PWC),Delivery Completed,05-12-2025,07-11-2025,4244,4244,4244,Standalone,
,,AWS,31,Evernorth,May,2025,,,AWS,,AWS,RaviKumar,Delivery Completed,5/19/2025,5/22/2025,4244,4326,136000,Standalone,
,,Kubernetes Admin,29,Amdocs,May,2025,,,AWS,,Kubernetes Admin,Muzammil ,Delivery Completed,5/14/2025,5/29/2025,4261,5100,142800,Standalone,
,,AWS-Lab,1,PWC,May,2025,,,AWS,,AWS-Lab,Alex(PWC),Delivery Completed,5/15/2025,7/15/2025,8500,8500,8500,Standalone,
,,Javafull Stack,46,Wipro,May,2025,,,AWS,,Javafull Stack,Kishore,Delivery Completed,5/16/2025,5/27/2025,854,854,39284,Standalone,
,,Kubernetes Admin-US,31,Amdocs,May,2025,,,AWS,,Kubernetes Admin-US,Muzammil ,Delivery Completed,5/19/2025,5/30/2025,4261,5100,142800,Standalone,
,,AWS-Lab,1,PWC,May,2025,,,AWS,,AWS-Lab,Alex(PWC),Delivery Completed,5/19/2025,6/18/2025,1708,1708,1708,Standalone,
,,FSE-AWS,3,Cognizant-FSE,May,2025,,,AWS,,FSE-AWS,Goutham,Delivery Completed,5/20/2025,8/19/2025,8560,8560,25680,Standalone,
,,AIA,22,Cognizant,May,2025,,,AWS,,AIA,Geetika(Cognizant),Delivery Completed,5/21/2025,06-04-2025,4400,4400,96800,Standalone,
,,AWS-Lab,22,UST,May,2025,,,AWS,,AWS-Lab,Roshan,Delivery Completed,5/21/2025,7/31/2025,5950,6842,150524,Standalone,
,,AWS-Lab,1,Cognizant-FSE,May,2025,,,AWS,,AWS-Lab,Goutham,Delivery Completed,5/21/2025,8/20/2025,8500,8500,8500,Standalone,
,,AWS-Lab,1,Cognizant-FSE,May,2025,,,AWS,,AWS-Lab,Goutham,Delivery Completed,5/26/2025,8/25/2025,8500,8500,8500,Standalone,
,,ADM-AWS,1,Cognizant,May,2025,,,AWS,,ADM-AWS,Mariya(Cognizant),Delivery Completed,5/15/2025,5/29/2025,3180,3180,3180,Standalone,
,,Security,26,Capgemini-Row,June,2025,,,AWS,,Security,Noor,Delivery Completed,06-03-2025,6/17/2025,4288,5145,133770,Standalone,
,,CBD DATA,2,Cognizant,June,2025,,,AWS,,CBD DATA,Geetika(Cognizant),Delivery Completed,06-02-2025,6/16/2025,4400,4400,8800,Standalone,
,,AWS,1,PWC,June,2025,,,AWS,,AWS,Alex,Delivery Completed,06-02-2025,8/31/2025,8538,8538,8538,Standalone,
,,AWS,2,Cognizant-FSE,June,2025,,,AWS,,AWS,Goutham,Delivery Completed,06-02-2025,8/31/2025,8538,8538,17076,Standalone,
,,DE,1,Cognizant,June,2025,,,AWS,,DE,Mariya,Delivery Completed,06-03-2025,08-01-2025,12540,12540,12540,Standalone,
,,AWS,3,Cognizant-FSE,June,2025,,,AWS,,AWS,Goutham,Delivery Completed,06-05-2025,09-04-2025,8500,8500,25500,Standalone,
,,DE,4,Cognizant,June,2025,,,AWS,,DE,Mariya,Delivery Completed,06-07-2025,07-06-2025,10381,10381,41524,Standalone,
,,AWS,1,PWC,June,2025,,,AWS,,AWS,Alex,Delivery Completed,06-10-2025,09-10-2025,8500,8500,8500,Standalone,
,,AIA,26,Cognizant,June,2025,,,AWS,,AIA,Geetika(Cognizant),Delivery Completed,06-11-2025,6/25/2025,4400,4400,114400,Standalone,
,,AWS,2,PWC,June,2025,,,AWS,,AWS,Alex,Delivery Completed,06-05-2025,6/18/2025,1721,1721,3442,Standalone,
,,AWS,26,Hexaware,June,2025,,,AWS,,AWS,Athul,Delivery Completed,6/13/2025,11-11-2025,5000,8500,221000,Standalone,
,,AWS,15,PWC,June,2025,,,AWS,,AWS,Alex,Delivery Completed,06-03-2025,6/24/2025,1721,1721,25815,Standalone,
,,AWS,15,PWC,June,2025,,,AWS,,AWS,Alex,Delivery Completed,06-03-2025,6/24/2025,4302,4302,64530,Standalone,
,,AWS,5,Cognizant-FSE,June,2025,,,AWS,,AWS,Goutham,Delivery Completed,6/16/2025,9/15/2025,8600,8600,43000,Standalone,
,,AWS,15,PWC,June,2025,,,AWS,,AWS,Fatehnoor,Delivery Completed,06-12-2025,6/19/2025,1700,1700,25500,Standalone,
,,CBD DATA,48,Cognizant,June,2025,,,AWS,,CBD DATA,Geetika(Cognizant),Delivery Completed,6/19/2025,07-03-2025,4400,4400,211200,Standalone,
,,CBD DATA,17,Cognizant,June,2025,,,AWS,,CBD DATA,Geetika(Cognizant),Delivery Completed,6/20/2025,07-04-2025,4400,4400,74800,Standalone,
,,AWS,31,Evernorth,June,2025,,,AWS,,AWS,Ravi,Delivery Completed,6/23/2025,6/26/2025,4323,4323,136000,Standalone,
,,AWS-Lab,12,UST,June,2025,,,AWS,,AWS-Lab,Sarath,Delivery Completed,4/21/2025,6/30/2025,4335,4335,52020,Standalone,
,,CBPPE,28,Wipro,June,2025,,,AWS,,CBPPE,Rohith,Delivery Completed,6/24/2025,07-09-2025,2500,2500,70000,Standalone,
,,AWS Labs,7,Cognizant,June,2025,,,AWS,,AWS Labs,Goutham,Delivery Completed,6/24/2025,9/23/2025,8610,8610,60270,Standalone,
,,AWS,1,PWC,June,2025,,,AWS,,AWS,Alex,Delivery Completed,06-03-2025,6/24/2025,4302,4302,4302,Standalone,
,,Cloud Operations,16,Bharath Airtel,July,2025,,,AWS,,Cloud Operations,Arthi,Delivery Completed,02-07-2025,30-07-2025,2150,2150,34400,Standalone,
,,AWS,2,IBM,July,2025,,,AWS,,AWS,Lokesh,Delivery Completed,03-07-2025,02-10-2025,860,860,1720,Standalone,
,,AWS,1,PWC,July,2025,,,AWS,,AWS,Alex(PWC),Delivery Completed,04-07-2025,01-10-2025,8500,8500,8500,Standalone,
,,Flowsource,1,Cognizant,July,2025,,,AWS,,Flowsource,Mariya(Cognizant),Delivery Completed,04-07-2025,01-09-2025,12540,12540,12540,Standalone,
,,AWS,1,PWC,July,2025,,,AWS,,AWS,Alex(PWC),Delivery Completed,07-07-2025,05-10-2025,8586,8586,8586,Standalone,
,,AWS,31,Evernorth,July,2025,,,AWS,,AWS,Ravi,Delivery Completed,14-07-2025,18-07-2025,4278,5133,136000,Standalone,
,,AWS-FSE,4,Cognizant-FSE,July,2025,,,AWS,,AWS-FSE,Goutham,Delivery Completed,14-07-2025,12-10-2025,8500,8500,34000,Standalone,
,,AWS,1,PWC,July,2025,,,AWS,,AWS,Alex(PWC),Delivery Completed,15-07-2025,13-08-2025,4292,4292,4292,Standalone,
,,AWS-FSE,2,Cognizant-FSE,July,2025,,,AWS,,AWS-FSE,Goutham,Delivery Completed,14-07-2025,12-10-2025,8500,8500,17000,Standalone,
,,AWS,24,PWC,July,2025,,,AWS,,AWS,Alex(PWC),Delivery Completed,21-07-2025,25-07-2025,4300,4300,103200,Standalone,
,,MULTIPLE ,11,Invesco,July,2025,,,AWS,,MULTIPLE ,Asangani Ayman Rashad ,Delivery Completed,21-07-2025,18-08-2025,4280,5136,56496,Standalone,
,,Devops,29,UST,July,2025,,,AWS,,Devops,Rafique,Delivery Completed,01-07-2025,03-07-2025,4250,4887,141723,Standalone,
,,AWS-Labs,62,PWC,July,2025,,,AWS,,AWS-Labs,Alex(PWC),Delivery Completed,23-07-2025,01-08-2025,1725,1725,106950,Standalone,
,,CI CD Pipelines,26,Amdocs,July,2025,,,AWS,,CI CD Pipelines,Muzammil,Delivery Completed,22-07-2025,23-07-2025,862,1000,25000,Standalone,
,,AIA,101,Cognizant,July,2025,,,AWS,,AIA,Mariya(Cognizant),Delivery Completed,28-07-2025,08-08-2025,4400,4400,444400,Standalone,
,,AWS-FSE,3,Cognizant-FSE,July,2025,,,AWS,,AWS-FSE,Goutham,Delivery Completed,29-07-2025,26-10-2025,8600,8600,25800,Standalone,
,,Moment-AWS,1,Cognizant,Aug,2025,,,AWS,,Moment-AWS,Mariya(Cognizant),Delivery Completed,01-08-2025,30-08-2025,8470,8470,8470,Standalone,
,,FSE-AWS,4,Cognizant-FSE,Aug,2025,,,AWS,,FSE-AWS,Goutham,Delivery Completed,01-08-2025,29-10-2025,8500,8500,34000,Standalone,
,,AWS-Labs,7,PWC,Aug,2025,,,AWS,,AWS-Labs,Alex(PWC),Delivery Completed,06-08-2025,05-09-2025,4300,4300,30100,Standalone,
,,FSE-AWS,2,Cognizant-FSE,Aug,2025,,,AWS,,FSE-AWS,Goutham,Delivery Completed,05-08-2025,04-11-2025,8500,8500,17000,Standalone,
,,AIA,2,Cognizant,Aug,2025,,,AWS,,AIA,Mariya(Cognizant),Delivery Completed,07-08-2025,21-08-2025,4400,4400,8800,Standalone,
,,AWS-Labs,27,Evernorth,Aug,2025,,,AWS,,AWS-Labs,RaviKumaar,Delivery Completed,19-08-2025,22-08-2025,4375,5470,147690,Standalone,
,,FSE-AWS,5,Cognizant-FSE,Aug,2025,,,AWS,,FSE-AWS,Goutham,Delivery Completed,21-08-2025,20-09-2025,8500,8500,42500,Standalone,
,,FSE-AWS,1,Cognizant-FSE,Aug,2025,,,AWS,,FSE-AWS,Goutham,Delivery Completed,22-08-2025,23-11-2025,8500,8500,8500,Standalone,
,,AWS-Labs,60,PWC,Aug,2025,,,AWS,,AWS-Labs,Fatehnoor,Delivery Completed,28-08-2025,09-09-2025,1700,1700,102000,Standalone,
,,AWS-Labs,2,Cognizant-FSE,Aug,2025,,,AWS,,AWS-Labs,Goutham,Delivery Completed,28-08-2025,27-11-2025,8500,8500,17000,Standalone,
,,CDC-Azure,265,Wipro,Aug,2025,,,AWS,,CDC-Azure,Sanjeed Nawaz,Delivery Completed,29-08-2025,30-08-2025,435,435,115275,Standalone,
,,Dynamo DB ,106,Amazon,Sept,2025,,,AWS,,Dynamo DB ,Mani,Delivery Completed,02-09-2025,30-09-2025,850,850,90100,VILT,
,,AIA,111,Cognizant,Sept,2025,,,AWS,,AIA,Mariya(Cognizant),Delivery Completed,04-09-2025,18-09-2025,4400,4400,488400,Standalone,
,,AWS-Lab,7,Wipro,Sept,2025,,,AWS,,AWS-Lab,Soumya Dutta(Wipro),Delivery Completed,04-09-2025,10-09-2025,850,850,8178,Standalone,
,,Data Bricks,26,Socgen,Sept,2025,,,AWS,,Data Bricks,Mani,Delivery Completed,08-09-2025,12-09-2025,8500,10900,272500,VILT,
,,AWS-Labs,15,PWC,Sept,2025,,,AWS,,AWS-Labs,Alex(PWC),Delivery Completed,08-09-2025,21-09-2025,1758,1758,26370,Standalone,
,,AWS-Labs,1,PWC,Sept,2025,,,AWS,,AWS-Labs,Alex(PWC),Delivery Completed,08-09-2025,07-12-2025,8791,8791,8791,Standalone,
,,AWS-Labs,2,Evernorth,Sept,2025,,,AWS,,AWS-Labs,Ravi,Delivery Completed,03-09-2025,12-09-2025,4400,5506,11012,Standalone,
,,AWS-Labs,23,Evernorth,Sept,2025,,,AWS,,AWS-Labs,Ravi,Delivery Completed,09-09-2025,12-09-2025,4400,5506,126638,Standalone,
,,Data Bricks,23,Socgen,Sept,2025,,,AWS,,Data Bricks,Mani,Delivery Completed,15-09-2025,19-09-2025,8500,10900,239800,VILT,
,,Cassandra ,26,Amdocs,Sept,2025,,,AWS,,Cassandra ,Muzammil ,Delivery Completed,22-09-2025,24-09-2025,1320,1476,36900,VILT,
,,AWS-Labs,14,PWC,Sept,2025,,,AWS,,AWS-Labs,Fathenoor,Delivery Completed,24-09-2025,29-09-2025,1700,1700,23800,Standalone,
,,AWS-FSE,1,Cognizant-FSE,Sept,2025,,,AWS,,AWS-FSE,Goutham,Delivery Completed,26-09-2025,24-12-2025,8500,8500,8500,Standalone,
,,Moment,1,Cognizant,Sept,2025,,,AWS,,Moment,Mariya(Cognizant),Delivery Completed,10-09-2025,31-10-2025,8150,8150,8150,Standalone,
,,AWS migration to MS Azure,31,Cognizant,Sept,2025,,,AWS,,AWS migration to MS Azure,Goutham,Delivery Completed,22-09-2025,10-10-2025,2640,3036,91080,VILT,
,,Java Fullstack Developer,20,Sony,Oct,2025,,,AWS,,Java Fullstack Developer,Manoj,Delivery Completed,10-03-2025,11-03-2025,4439,4439,88780,VILT,
,,Infra DevOps & AI,32,BirlaSoft,Oct,2025,,,AWS,,Infra DevOps & AI,Mani,Delivery Completed,10-06-2025,11-18-25,8800,10560,337920,VILT,
,,QEA,16,Cognizant,Oct,2025,,,AWS,,QEA,Mariya(Cognizant),Delivery Completed,10-06-2025,10-20-25,1550,1550,24800,Standalone,
,,AWS-Labs,25,PWC,Oct,2025,,,AWS,,AWS-Labs,Fathenoor,Delivery Completed,10-06-2025,11-06-2025,2550,2550,63750,Standalone,
,,AWS-Labs,2,Evernorth,Oct,2025,,,AWS,,AWS-Labs,Ravi,Delivery Completed,10-09-2025,10-16-25,4439,5506,11012,Standalone,
,,AWS-Labs,23,Evernorth,Oct,2025,,,AWS,,AWS-Labs,Ravi,Delivery Completed,10-13-25,10-16-25,4439,5506,126638,Standalone,
,,AWS-Labs,14,Cognizant-FSE,Oct,2025,,,AWS,,AWS-Labs,Goutham,Delivery Completed,10-16-25,01-13-26,8500,8500,119000,Standalone,
,,Moment,1,Cognizant,Oct,2025,,,AWS,,Moment,Mariya(Cognizant),Delivery Completed,10-22-25,11-30-25,8150,8150,8150,Standalone,
,,Postgres,1,CGI,Nov,2025,,,AWS,,Postgres,Felix Raj,Delivery Completed,10-23-25,10-31-25,2175,2175,2175,VILT,
,,AWS-Labs,5,Cognizant-FSE,Nov,2025,,,AWS,,AWS-Labs,Goutham,Delivery Completed,11-05-2025,02-06-2026,8500,8500,42500,Standalone,
,,AWS-Labs,42,PWC,Nov,2025,,,AWS,,AWS-Labs,Alex(PWC),Delivery Completed,11-06-2025,12-05-2025,1760,1760,73920,Standalone,
,,AWS-Labs,3,Cognizant-FSE,Nov,2025,,,AWS,,AWS-Labs,Goutham,Delivery Completed,11-07-2025,02-04-2026,8500,8500,25500,Standalone,
,,Java-Assesment,121,Encora,Nov,2025,,,AWS,,Java-Assesment,Aarti,Delivery Completed,11-10-2025,11-10-2025,440,440,53240,Standalone,
,,AWS-Labs,40,PWC,Nov,2025,,,AWS,,AWS-Labs,Alex(PWC),Delivery Completed,11-11-2025,11-30-25,1275,1275,51000,Standalone,
,,AWS-Labs,1,PWC,Nov,2025,,,AWS,,AWS-Labs,Alex(PWC),Delivery Completed,11-11-2025,02-08-2026,8500,8500,8500,Standalone,
,,Confluent Kafka,1,ValueMomentum,Nov,2025,,,AWS,,Confluent Kafka,Archana,Delivery Completed,11-11-2025,11-24-25,880,880,880,VILT,
,,AI,1,OC Tanner,Nov,2025,,,AWS,,AI,Rakshith,Delivery Completed,11-14-25,11-15-25,440,440,440,VILT,
,,AWS Labs,1,Evernorth,Nov,2025,,,AWS,,AWS Labs,Ravi,Delivery Completed,11-17-25,11-28-25,4405,5506,5506,Standalone,
,,AWS Labs,16,Evernorth,Nov,2025,,,AWS,,AWS Labs,Ravi,Delivery Completed,11-26-25,11-28-25,4405,5506,88096,Standalone,
,,AWS Labs,30,PWC,Nov,2025,,,AWS,,AWS Labs,Fathenoor(PWC),Delivery Completed,11-17-25,12-28-25,2580,2580,77400,Standalone,
,,AWS Labs,24,PWC,Nov,2025,,,AWS,,AWS Labs,Alex(PWC),Delivery Completed,11-17-25,12-15-25,1720,1720,41280,Standalone,
,,AWS Labs,1,PWC,Nov,2025,,,AWS,,AWS Labs,Alex(PWC),Delivery Completed,11-17-25,12-16-25,4300,4300,4300,Standalone,
,,DevOps & AI,46,BirlaSoft,Nov,2025,,,AWS,,DevOps & AI,Mani,Delivery In-Progress,11-24-25,02-24-26,8800,10560,538560,VILT,
,,Flowsource,1,Cognizant,Nov,2025,,,AWS,,Flowsource,Mariya(Cognizant),Delivery In-Progress,11-26-25,01-24-26,12540,12540,12540,Standalone,
,,AWS Labs,1,PWC,Nov,2025,,,AWS,,AWS Labs,Fathenoor(PWC),Delivery In-Progress,11-26-25,02-23-26,8500,8500,8500,Standalone,
,,AWS Labs,24,PWC,Nov,2025,,,AWS,,AWS Labs,Alex(PWC),Delivery In-Progress,11-27-25,02-28-26,1700,1700,40800,Standalone,
,,AWS-Labs,3,Cognizant-FSE,Nov,2025,,,AWS,,AWS-Labs,Goutham,Delivery In-Progress,11-27-25,02-24-26,8500,8500,25500,Standalone,
,,AWS-Labs,2,Cognizant-FSE,Nov,2025,,,AWS,,AWS-Labs,Goutham,Delivery In-Progress,11-27-25,02-24-26,8500,8500,17000,Standalone,
,,Flowsource,3,Cognizant,Dec,2025,,,AWS,,Flowsource,Mariya(Cognizant),Delivery Completed,12-02-2025,12-31-25,6430,6430,19290,Standalone,
,,AWS Labs,1,PWC,Dec,2025,,,AWS,,AWS Labs,Alex(PWC),Delivery Completed,12-01-2025,01-31-26,8500,8500,8500,Standalone,
,,AWS Labs,1,PWC,Dec,2025,,,AWS,,AWS Labs,Alex(PWC),Delivery In-Progress,12-05-2025,03-04-2026,8500,8500,8500,Standalone,
,,AWS Labs,30,PWC,Dec,2025,,,AWS,,AWS Labs,Fathenoor(PWC),Delivery Completed,12-08-2025,12-22-25,2125,2125,63750,Standalone,
,,AWS Labs,1,PWC,Dec,2025,,,AWS,,AWS Labs,Alex(PWC),Delivery Completed,12-16-25,01-16-26,8500,8500,8500,Standalone,
,,AWS Labs,5,PWC,Dec,2025,,,AWS,,AWS Labs,Fathenoor(PWC),Delivery Completed,12-08-2025,12-22-25,2125,2125,10625,Standalone,
,,AWS Labs,1,PWC,Dec,2025,,,AWS,,AWS Labs,Alex(PWC),Delivery In-Progress,11-27-25,02-28-26,1700,1700,1700,Standalone,
,,AWS Labs,1,PWC,Dec,2025,,,AWS,,AWS Labs,Alex(PWC),Delivery Completed,12-09-2025,01-08-2026,4400,4400,4400,Standalone,
,,AWS Labs,25,PWC,Dec,2025,,,AWS,,AWS Labs,Alex(PWC),Delivery Completed,12-10-2025,01-09-2026,1320,1320,33000,Standalone,
,,AWS Labs,15,PWC,Dec,2025,,,AWS,,AWS Labs,Alex(PWC),Delivery Completed,12-15-25,12-24-25,850,850,12750,Standalone,
,,AWS Labs,1,PWC,Dec,2025,,,AWS,,AWS Labs,Alex(PWC),Delivery In-Progress,11-27-25,02-28-26,26400,26400,26400,Standalone,
,,AWS Labs,24,PWC,Dec,2025,,,AWS,,AWS Labs,Alex(PWC),Delivery Completed,12-16-25,01-30-26,850,850,20400,Standalone,
,,Kubernetes,25,Persistant,Dec,2025,,,AWS,,Kubernetes,Ayman,Delivery Completed,12-22-25,01-09-2026,4500,5500,132000,VILT,
,,AWS-Hackfest,5,PWC,Dec,2025,,Private Cloud ,AWS,,AWS-Hackfest,Alex(PWC),Delivery Completed,12-15-25,01-16-26,26100,26100,130500,Standalone,
,,AWS Labs,1,PWC,Dec,2025,,,AWS,,AWS Labs,Alex(PWC),Delivery Completed,12-22-25,01-21-26,4250,4250,4250,Standalone,
,,AIA,2,Cognizant,Dec,2025,,,AWS,,AIA,Mariya(Cognizant),Delivery Completed,12-23-25,01-21-26,8470,8470,16940,Standalone,
,,Moment,1,Cognizant,Dec,2025,,,AWS,,Moment,Mariya(Cognizant),Delivery Completed,12-31-25,01-29-26,8150,8150,8150,Standalone,
